{
  "id": "2014111",
  "name": "七夕",
  "font_family": "iconfont",
  "css_prefix_text": "icon-",
  "description": "",
  "glyphs": [
    {
      "icon_id": "16171149",
      "name": "音乐唱片",
      "font_class": "yinlechangpian",
      "unicode": "e683",
      "unicode_decimal": 59011
    },
    {
      "icon_id": "1687292",
      "name": "置顶",
      "font_class": "ziyuan",
      "unicode": "e63d",
      "unicode_decimal": 58941
    },
    {
      "icon_id": "5591790",
      "name": "暂停",
      "font_class": "zanting",
      "unicode": "e614",
      "unicode_decimal": 58900
    },
    {
      "icon_id": "7872836",
      "name": "开始",
      "font_class": "kaishi",
      "unicode": "e642",
      "unicode_decimal": 58946
    },
    {
      "icon_id": "9922610",
      "name": "关闭",
      "font_class": "guanbi",
      "unicode": "e60a",
      "unicode_decimal": 58890
    },
    {
      "icon_id": "12753745",
      "name": "上一首",
      "font_class": "shangyishou_huaban",
      "unicode": "e636",
      "unicode_decimal": 58934
    },
    {
      "icon_id": "12753746",
      "name": "下一首",
      "font_class": "xiayishou_huaban",
      "unicode": "e637",
      "unicode_decimal": 58935
    }
  ]
}
